{
  "schema_version": "v1",
  "name_for_human": "PrimeEngineAI",
  "name_for_model": "primeengine",
  "description_for_human": "High-performance prime discovery API with full operations.",
  "description_for_model": "Plugin for PrimeEngineAI: endpoints for filtering, sieving, remainder, testing, pipeline, cache, ml, metrics, jobs, models, config, logs.",
  "auth": {
    "type": "service_http",
    "authorization_type": "bearer",
    "verification_tokens": { "openai": "YOUR_OPENAI_TOKEN" }
  },
  "api": {
    "type": "openapi",
    "url": "https://api.primeengine.ai/.well-known/openapi.yaml",
    "has_user_authentication": true
  },
  "logo_url": "https://api.primeengine.ai/assets/logo.png",
  "contact_email": "support@primeengine.ai",
  "legal_info_url": "https://primeengine.ai/legal"
}